"domain","id","table_id","analysis_label","study_original","study","is_meta","is_rct","study_design_category","study_design","footnote","comparison","outcome","outcome_long","age_at_vax","sex","hpv_type","follow_up","n_studies","rr","rr_lower","rr_upper","rr_label","tau_sq","chi_sq","df","p","i_sq","n_vax_outcome","n_vax_no_outcome","total_vax_n","n_unvax_outcome","n_unvax_no_outcome","total_unvax_n","rr_order","rr_lower_order","rr_upper_order","id_meta"
"Efficacy","1.4.3 (Females 25 years or older)","1.4.3","CIN2+ with any HPV type (≥ 25 years at vaccination)","2v VIVIANE 2014-INT","2v VIVIANE 2014-INT",0,1,"RCT","RCT",,"HPV vaccine vs. control","CIN2+","CIN2+","≥ 25 years","Female","Any",,,0.95,0.73,1.24,"0.95 (0.73-1.24)",,,,,,103,2630,2733,108,2627,2735,2,2,1,1
"Efficacy","1.4.3 (Females 25 years or older)","1.4.3","CIN2+ with any HPV type (≥ 25 years at vaccination)","4v FUTURE III 2009-INT","4v FUTURE III 2009-INT",0,1,"RCT","RCT",,"HPV vaccine vs. control","CIN2+","CIN2+","≥ 25 years","Female","Any",,,1.21,0.84,1.75,"1.21 (0.84-1.75)",,,,,,62,1849,1911,51,1857,1908,3,3,2,1
"Efficacy","1.4.3 (Females 25 years or older)","1.4.3","CIN2+ with any HPV type (≥ 25 years at vaccination)","4v Wen 2024","4v Wen 2024",0,1,"RCT","RCT",,"HPV vaccine vs. control","CIN2+","CIN2+","≥ 25 years","Female","Any",,,0.19,0.01,4.57,"0.19 (0.01-4.57)",,,,,,0,488,488,1,272,273,1,1,3,1
"Efficacy","1.4.3 (Females 25 years or older)","1.4.3","CIN2+ with any HPV type (≥ 25 years at vaccination)","Meta-analysis","Pooled",1,1,"RCT","RCT",,"HPV vaccine vs. control","CIN2+","CIN2+","≥ 25 years","Female","Any",,3,1.03,0.83,1.28,"1.03 (0.83-1.28)","0.001",2.19,2,"0.334",2.27,165,,5132,160,,4916,1,1,1,1
"Efficacy","1.44.2 (Females 15-25 years)","1.44.2","Persistent infection at 12 months with HPV 16/18 (15-25 years at vaccination)","2v CVT 2011-CRI","2v CVT 2011-CRI",0,1,"RCT","RCT",,"HPV vaccine vs. control","Persistent infection","Persistent infection","15-25 years","Female","16 and/or 18","12 months",,0.51,0.42,0.62,"0.51 (0.42-0.62)",,,,,,153,3574,3727,301,3438,3739,5,5,5,2
"Efficacy","1.44.2 (Females 15-25 years)","1.44.2","Persistent infection at 12 months with HPV 16/18 (15-25 years at vaccination)","2v Harper 2004-BRA/NA","2v Harper 2004-BRA/NA",0,1,"RCT","RCT",,"HPV vaccine vs. control","Persistent infection","Persistent infection","15-25 years","Female","16 and/or 18","12 months",,0.02,0,0.37,"0.02 (0.00-0.37)",,,,,,0,401,401,20,352,372,2,2,4,2
"Efficacy","1.44.2 (Females 15-25 years)","1.44.2","Persistent infection at 12 months with HPV 16/18 (15-25 years at vaccination)","2v Konno 2010-JPN","2v Konno 2010-JPN",0,1,"RCT","RCT",,"HPV vaccine vs. control","Persistent infection","Persistent infection","15-25 years","Female","16 and/or 18","12 months",,0.02,0,0.35,"0.02 (0.00-0.35)",,,,,,0,442,442,23,419,442,0,0,3,2
"Efficacy","1.44.2 (Females 15-25 years)","1.44.2","Persistent infection at 12 months with HPV 16/18 (15-25 years at vaccination)","2v PATRICIA 2012-INT","2v PATRICIA 2012-INT",0,1,"RCT","RCT",,"HPV vaccine vs. control","Persistent infection","Persistent infection","15-25 years","Female","16 and/or 18","12 months",,0.07,0.05,0.1,"0.07 (0.05-0.10)",,,,,,28,7489,7517,388,7073,7461,3,4,1,2
"Efficacy","1.44.2 (Females 15-25 years)","1.44.2","Persistent infection at 12 months with HPV 16/18 (15-25 years at vaccination)","2v9v Wen 2025","2v9v Wen 2025",0,1,"RCT","RCT",,"HPV vaccine vs. control","Persistent infection","Persistent infection","15-25 years","Female","16 and/or 18","12 months",,0.08,0.03,0.22,"0.08 (0.03-0.22)",,,,,,4,2812,2816,50,2779,2829,4,3,2,2
"Efficacy","1.44.2 (Females 15-25 years)","1.44.2","Persistent infection at 12 months with HPV 16/18 (15-25 years at vaccination)","Meta-analysis","Pooled",1,1,"RCT","RCT",,"HPV vaccine vs. control","Persistent infection","Persistent infection","15-25 years","Female","16 and/or 18","12 months",5,0.1,0.03,0.32,"0.10 (0.03-0.32)","1.258",96.28,4,"< 0.001",94.01,185,,14903,782,,14843,1,1,1,2
"Efficacy","1.45.2 (Females 15-25 years)","1.45.2","Persistent infection at 6 months with HPV 16/18 (15-25 years at vaccination)","2v CVT 2011-CRI","2v CVT 2011-CRI",0,1,"RCT","RCT",,"HPV vaccine vs. control","Persistent infection","Persistent infection","15-25 years","Female","16 and/or 18","6 months",,0.48,0.41,0.55,"0.48 (0.41-0.55)",,,,,,231,3496,3727,486,3253,3739,6,6,6,3
"Efficacy","1.45.2 (Females 15-25 years)","1.45.2","Persistent infection at 6 months with HPV 16/18 (15-25 years at vaccination)","2v Harper 2004-BRA/NA","2v Harper 2004-BRA/NA",0,1,"RCT","RCT",,"HPV vaccine vs. control","Persistent infection","Persistent infection","15-25 years","Female","16 and/or 18","6 months",,0.12,0.04,0.35,"0.12 (0.04-0.35)",,,,,,4,556,560,31,502,533,4,3,3,3
"Efficacy","1.45.2 (Females 15-25 years)","1.45.2","Persistent infection at 6 months with HPV 16/18 (15-25 years at vaccination)","2v Konno 2010-JPN","2v Konno 2010-JPN",0,1,"RCT","RCT",,"HPV vaccine vs. control","Persistent infection","Persistent infection","15-25 years","Female","16 and/or 18","6 months",,0.02,0,0.4,"0.02 (0.00-0.40)",,,,,,0,450,450,20,426,446,1,1,4,3
"Efficacy","1.45.2 (Females 15-25 years)","1.45.2","Persistent infection at 6 months with HPV 16/18 (15-25 years at vaccination)","2v PATRICIA 2012-INT","2v PATRICIA 2012-INT",0,1,"RCT","RCT",,"HPV vaccine vs. control","Persistent infection","Persistent infection","15-25 years","Female","16 and/or 18","6 months",,0.07,0.05,0.09,"0.07 (0.05-0.09)",,,,,,45,7581,7626,654,6918,7572,3,4,1,3
"Efficacy","1.45.2 (Females 15-25 years)","1.45.2","Persistent infection at 6 months with HPV 16/18 (15-25 years at vaccination)","2v9v KENSHE 2021-KEN","2v9v KENSHE 2021-KEN",0,1,"RCT","RCT",,"HPV vaccine vs. control","Persistent infection","Persistent infection","15-25 years","Female","16 and/or 18","6 months",,0.37,0.28,0.5,"0.37 (0.28-0.50)",,,,,,72,1446,1518,96,661,757,5,5,5,3
"Efficacy","1.45.2 (Females 15-25 years)","1.45.2","Persistent infection at 6 months with HPV 16/18 (15-25 years at vaccination)","2v9v Wen 2025","2v9v Wen 2025",0,1,"RCT","RCT",,"HPV vaccine vs. control","Persistent infection","Persistent infection","15-25 years","Female","16 and/or 18","6 months",,0.05,0.02,0.12,"0.05 (0.02-0.12)",,,,,,5,2811,2816,103,2723,2826,2,2,2,3
"Efficacy","1.45.2 (Females 15-25 years)","1.45.2","Persistent infection at 6 months with HPV 16/18 (15-25 years at vaccination)","Meta-analysis","Pooled",1,1,"RCT","RCT",,"HPV vaccine vs. control","Persistent infection","Persistent infection","15-25 years","Female","16 and/or 18","6 months",6,0.14,0.06,0.34,"0.14 (0.06-0.34)","1.004",153.23,5,"< 0.001",96.64,357,,16697,1390,,15873,1,1,1,3
"Efficacy","1.5.2 (Females 15-25 years)","1.5.2","CIN2+ with vaccine-matched HPV types (15-25 years at vaccination)","2v CVT 2011-CRI","2v CVT 2011-CRI",0,1,"RCT","RCT",,"HPV vaccine vs. control","CIN2+","CIN2+","15-25 years","Female","Vaccine-matched",,,0.1,0.01,0.79,"0.10 (0.01-0.79)",,,,,,1,2634,2635,10,2667,2677,2,2,4,4
"Efficacy","1.5.2 (Females 15-25 years)","1.5.2","CIN2+ with vaccine-matched HPV types (15-25 years at vaccination)","2v Harper 2004-BRA/NA","2v Harper 2004-BRA/NA",0,1,"RCT","RCT",,"HPV vaccine vs. control","CIN2+","CIN2+","15-25 years","Female","Vaccine-matched",,,0.05,0,0.88,"0.05 (0.00-0.88)",,,,,,0,481,481,9,461,470,1,1,6,4
"Efficacy","1.5.2 (Females 15-25 years)","1.5.2","CIN2+ with vaccine-matched HPV types (15-25 years at vaccination)","2v Konno 2010-JPN","2v Konno 2010-JPN",0,1,"RCT","RCT",,"HPV vaccine vs. control","CIN2+","CIN2+","15-25 years","Female","Vaccine-matched",,,0.35,0.15,0.82,"0.35 (0.15-0.82)",,,,,,7,457,464,20,443,463,4,4,5,4
"Efficacy","1.5.2 (Females 15-25 years)","1.5.2","CIN2+ with vaccine-matched HPV types (15-25 years at vaccination)","2v PATRICIA 2012-INT","2v PATRICIA 2012-INT",0,1,"RCT","RCT",,"HPV vaccine vs. control","CIN2+","CIN2+","15-25 years","Female","Vaccine-matched",,,0.4,0.31,0.5,"0.40 (0.31-0.50)",,,,,,90,8604,8694,228,8480,8708,5,5,2,4
"Efficacy","1.5.2 (Females 15-25 years)","1.5.2","CIN2+ with vaccine-matched HPV types (15-25 years at vaccination)","2v9v Wen 2025","2v9v Wen 2025",0,1,"RCT","RCT",,"HPV vaccine vs. control","CIN2+","CIN2+","15-25 years","Female","Vaccine-matched",,,0.11,0.03,0.48,"0.11 (0.03-0.48)",,,,,,2,2878,2880,18,2884,2902,3,3,1,4
"Efficacy","1.5.2 (Females 15-25 years)","1.5.2","CIN2+ with vaccine-matched HPV types (15-25 years at vaccination)","4v FUTURE I/II 2010-INT","4v FUTURE I/II 2010-INT",0,1,"RCT","RCT",,"HPV vaccine vs. control","CIN2+","CIN2+","15-25 years","Female","Vaccine-matched",,,0.5,0.42,0.59,"0.50 (0.42-0.59)",,,,,,186,8376,8562,375,8223,8598,6,6,3,4
"Efficacy","1.5.2 (Females 15-25 years)","1.5.2","CIN2+ with vaccine-matched HPV types (15-25 years at vaccination)","Meta-analysis","Pooled",1,1,"RCT","RCT",,"HPV vaccine vs. control","CIN2+","CIN2+","15-25 years","Female","Vaccine-matched",,6,0.39,0.29,0.53,"0.39 (0.29-0.53)","0.046",10.48,5,"0.063",47.71,286,,23716,660,,23818,1,1,1,4
"Efficacy","1.10, Medium-term","1.10.1","CIN2+ (cross-sectional studies; medium-term)","Muresu 2022-ITA","Muresu 2022",0,0,"Observational","Cross-sectional","24-64 years; OR","HPV vaccine vs. control","CIN2+","CIN2+","Any","Female",,"Medium-term",,1.13,0.42,3.04,"1.13 (0.42-3.04)",,,,,,,,,,,,3,2,3,8
"Efficacy","1.10, Medium-term","1.10.1","CIN2+ (cross-sectional studies; medium-term)","Shiko 2020-JPN","Shiko 2020",0,0,"Observational","Cross-sectional","12-16 years at vaccination","HPV vaccine vs. control","CIN2+","CIN2+","Any","Female",,"Medium-term",,0.24,0.1,0.59,"0.24 (0.10-0.59)",,,,,,,,,,,,1,1,1,8
"Efficacy","1.10, Medium-term","1.10.1","CIN2+ (cross-sectional studies; medium-term)","Wright 2019-USA","Wright 2019",0,0,"Observational","Cross-sectional","11-26 years; OR","HPV vaccine vs. control","CIN2+","CIN2+","Any","Female",,"Medium-term",,0.8,0.59,1.08,"0.80 (0.59-1.08)",,,,,,,,,,,,2,3,2,8
"Efficacy","1.10, Medium-term","1.10.1","CIN2+ (cross-sectional studies; medium-term)","Meta-analysis","Pooled",1,0,"Observational","Cross-sectional",,"HPV vaccine vs. control","CIN2+","CIN2+","Any","Female",,"Medium-term",3,0.62,0.28,1.34,"0.62 (0.28-1.34)","0.331",7.02,2,"0.030",71.51,,,,,,,1,1,1,8
"Efficacy","1.2,","1.2","Invasive cervical cancer (cohort studies; ≤ 16 years at vaccination)","Falcaro 2021-GBR","Falcaro 2021 (12-13 y)",0,0,"Observational","Cohort","12-13 years at vaccination","HPV vaccine vs. control","Invasive cervical cancer","Invasive cervical cancer","≤ 16 years","Female",,"Overall",,0.13,0.06,0.28,"0.13 (0.06-0.28)",,,,,,,,,,,,4,4,2,9
"Efficacy","1.2,","1.2","Invasive cervical cancer (cohort studies; ≤ 16 years at vaccination)","Falcaro 2021-GBR","Falcaro 2021 (14-16 y)",0,0,"Observational","Cohort","14-16 years at vaccination","HPV vaccine vs. control","Invasive cervical cancer","Invasive cervical cancer","≤ 16 years","Female",,"Overall",,0.38,0.3,0.49,"0.38 (0.30-0.49)",,,,,,,,,,,,5,6,4,9
"Efficacy","1.2,","1.2","Invasive cervical cancer (cohort studies; ≤ 16 years at vaccination)","Kjaer 2021-DNK","Kjaer 2021",0,0,"Observational","Cohort","≤ 16 years at vaccination","HPV vaccine vs. control","Invasive cervical cancer","Invasive cervical cancer","≤ 16 years","Female",,"Overall",,0.13,0.04,0.41,"0.13 (0.04-0.41)",,,,,,,,,,,,3,3,3,9
"Efficacy","1.2,","1.2","Invasive cervical cancer (cohort studies; ≤ 16 years at vaccination)","Lei 2020b-SWE","Lei 2020b",0,0,"Observational","Cohort","10-16 years at vaccination","HPV vaccine vs. control","Invasive cervical cancer","Invasive cervical cancer","≤ 16 years","Female",,"Overall",,0.12,0.01,2.21,"0.12 (0.01-2.21)",,,,,,,,,,,,2,1,6,9
"Efficacy","1.2,","1.2","Invasive cervical cancer (cohort studies; ≤ 16 years at vaccination)","Middeldorp 2025","Middeldorp 2025 (1-2 doses)",0,0,"Observational","Cohort","16 years at vaccination; 1-2 doses of Cervarix; standardized cumulative risk ratio CI recalculated","HPV vaccine vs. control","Invasive cervical cancer","Invasive cervical cancer","≤ 16 years","Female",,"Overall",,0.09,0.03,0.24,"0.09 (0.03-0.24)",,,,,,,,,,,,1,2,1,9
"Efficacy","1.2,","1.2","Invasive cervical cancer (cohort studies; ≤ 16 years at vaccination)","Middeldorp 2025","Middeldorp 2025 (3 doses)",0,0,"Observational","Cohort","16 years at vaccination; 3 doses of Cervarix; standardized cumulative risk ratio CI recalculated","HPV vaccine vs. control","Invasive cervical cancer","Invasive cervical cancer","≤ 16 years","Female",,"Overall",,0.52,0.12,1.71,"0.52 (0.12-1.71)",,,,,,,,,,,,6,5,5,9
"Efficacy","1.2,","1.2","Invasive cervical cancer (cohort studies; ≤ 16 years at vaccination)","Meta-analysis","Pooled",1,0,"Observational","Cohort",,"HPV vaccine vs. control","Invasive cervical cancer","Invasive cervical cancer","≤ 16 years","Female",,"Overall",6,0.2,0.1,0.39,"0.20 (0.10-0.39)","0.405",15.59,5,"0.008",67.94,,,,,,,1,1,1,9
"Efficacy","1.4, Long-term","1.4.2","CIN3+ (cohort studies; long-term)","Gargano 2021-USA","Gargano 2021 (< 20 y)",0,0,"Observational","Cohort","< 20 years at vaccination","HPV vaccine vs. control","CIN3+","CIN3+","Any","Female",,"Long-term",,0.35,0.3,0.4,"0.35 (0.30-0.40)",,,,,,,,,,,,4,4,4,10
"Efficacy","1.4, Long-term","1.4.2","CIN3+ (cohort studies; long-term)","Gargano 2021-USA","Gargano 2021 (≥ 20 y)",0,0,"Observational","Cohort","≥ 20 years at vaccination","HPV vaccine vs. control","CIN3+","CIN3+","Any","Female",,"Long-term",,0.64,0.55,0.75,"0.64 (0.55-0.75)",,,,,,,,,,,,11,11,11,10
"Efficacy","1.4, Long-term","1.4.2","CIN3+ (cohort studies; long-term)","Herweijer 2016-SWE","Herweijer 2016 (11-16 y)",0,0,"Observational","Cohort","11-16 years at vaccination","HPV vaccine vs. control","CIN3+","CIN3+","Any","Female",,"Long-term",,0.16,0.08,0.32,"0.16 (0.08-0.32)",,,,,,,,,,,,2,2,3,10
"Efficacy","1.4, Long-term","1.4.2","CIN3+ (cohort studies; long-term)","Herweijer 2016-SWE","Herweijer 2016 (17-19 y)",0,0,"Observational","Cohort","17-19 years at vaccination","HPV vaccine vs. control","CIN3+","CIN3+","Any","Female",,"Long-term",,0.43,0.33,0.57,"0.43 (0.33-0.57)",,,,,,,,,,,,9,9,9,10
"Efficacy","1.4, Long-term","1.4.2","CIN3+ (cohort studies; long-term)","Herweijer 2016-SWE","Herweijer 2016 (20-29 y)",0,0,"Observational","Cohort","20-29 years at vaccination","HPV vaccine vs. control","CIN3+","CIN3+","Any","Female",,"Long-term",,0.75,0.59,0.95,"0.75 (0.59-0.95)",,,,,,,,,,,,12,12,12,10
"Efficacy","1.4, Long-term","1.4.2","CIN3+ (cohort studies; long-term)","Lei 2020a-SWE","Lei 2020a (10-16 y)",0,0,"Observational","Cohort","10-16 years at vaccination","HPV vaccine vs. control","CIN3+","CIN3+","Any","Female",,"Long-term",,0.36,0.31,0.42,"0.36 (0.31-0.42)",,,,,,,,,,,,5,7,6,10
"Efficacy","1.4, Long-term","1.4.2","CIN3+ (cohort studies; long-term)","Lei 2020a-SWE","Lei 2020a (17-22 y)",0,0,"Observational","Cohort","17-22 years at vaccination","HPV vaccine vs. control","CIN3+","CIN3+","Any","Female",,"Long-term",,0.56,0.49,0.63,"0.56 (0.49-0.63)",,,,,,,,,,,,10,10,10,10
"Efficacy","1.4, Long-term","1.4.2","CIN3+ (cohort studies; long-term)","Middeldorp 2025","Middeldorp 2025 (3 doses)",0,0,"Observational","Cohort","16 years at vaccination; 3 doses of Cervarix","HPV vaccine vs. control","CIN3+","CIN3+","Any","Female",,"Long-term",,0.19,0.16,0.23,"0.19 (0.16-0.23)",,,,,,,,,,,,3,3,1,10
"Efficacy","1.4, Long-term","1.4.2","CIN3+ (cohort studies; long-term)","Middeldorp 2025","Middeldorp 2025 (1-2 doses)",0,0,"Observational","Cohort","16 years at vaccination; 1-2 doses of Cervarix","HPV vaccine vs. control","CIN3+","CIN3+","Any","Female",,"Long-term",,0.42,0.3,0.57,"0.42 (0.30-0.57)",,,,,,,,,,,,8,6,8,10
"Efficacy","1.4, Long-term","1.4.2","CIN3+ (cohort studies; long-term)","Orumaa 2024-NOR","Orumaa 2024",0,0,"Observational","Cohort","16-30 years at vaccination","HPV vaccine vs. control","CIN3+","CIN3+","Any","Female",,"Long-term",,0.37,0.33,0.41,"0.37 (0.33-0.41)",,,,,,,,,,,,7,8,5,10
"Efficacy","1.4, Long-term","1.4.2","CIN3+ (cohort studies; long-term)","Palmer 2019-GBR","Palmer 2019",0,0,"Observational","Cohort","≥ 12 years at vaccination; OR","HPV vaccine vs. control","CIN3+","CIN3+","Any","Female",,"Long-term",,0.14,0.08,0.25,"0.14 (0.08-0.25)",,,,,,,,,,,,1,1,2,10
"Efficacy","1.4, Long-term","1.4.2","CIN3+ (cohort studies; long-term)","Verdoodt 2020-DNK","Verdoodt 2020",0,0,"Observational","Cohort","< 16 years at vaccination","HPV vaccine vs. control","CIN3+","CIN3+","Any","Female",,"Long-term",,0.37,0.3,0.45,"0.37 (0.30-0.45)",,,,,,,,,,,,6,5,7,10
"Efficacy","1.4, Long-term","1.4.2","CIN3+ (cohort studies; long-term)","Meta-analysis","Pooled",1,0,"Observational","Cohort",,"HPV vaccine vs. control","CIN3+","CIN3+","Any","Female",,"Long-term",12,0.37,0.3,0.46,"0.37 (0.30-0.46)","0.134",182.61,11,"< 0.001",93.98,,,,,,,1,1,1,10
"Efficacy","1.5, Long-term","1.5.2","CIN3+ (cohort studies; long-term; ≤ 16 years at vaccination)","Herweijer 2016-SWE","Herweijer 2016",0,0,"Observational","Cohort","11-16 years at vaccination","HPV vaccine vs. control","CIN3+","CIN3+","≤ 16 years","Female",,"Long-term",,0.16,0.08,0.32,"0.16 (0.08-0.32)",,,,,,,,,,,,1,1,2,11
"Efficacy","1.5, Long-term","1.5.2","CIN3+ (cohort studies; long-term; ≤ 16 years at vaccination)","Lei 2020a-SWE","Lei 2020a",0,0,"Observational","Cohort","10-16 years at vaccination","HPV vaccine vs. control","CIN3+","CIN3+","≤ 16 years","Female",,"Long-term",,0.36,0.31,0.42,"0.36 (0.31-0.42)",,,,,,,,,,,,3,4,3,11
"Efficacy","1.5, Long-term","1.5.2","CIN3+ (cohort studies; long-term; ≤ 16 years at vaccination)","Middeldorp 2025","Middeldorp 2025 (1-2 doses)",0,0,"Observational","Cohort","16 years at vaccination; 3 doses of Cervarix","HPV vaccine vs. control","CIN3+","CIN3+","≤ 16 years","Female",,"Long-term",,0.19,0.16,0.23,"0.19 (0.16-0.23)",,,,,,,,,,,,2,2,1,11
"Efficacy","1.5, Long-term","1.5.2","CIN3+ (cohort studies; long-term; ≤ 16 years at vaccination)","Middeldorp 2025","Middeldorp 2025 (3 doses)",0,0,"Observational","Cohort","16 years at vaccination; 1-2 doses of Cervarix","HPV vaccine vs. control","CIN3+","CIN3+","≤ 16 years","Female",,"Long-term",,0.42,0.3,0.57,"0.42 (0.30-0.57)",,,,,,,,,,,,4,3,4,11
"Efficacy","1.5, Long-term","1.5.2","CIN3+ (cohort studies; long-term; ≤ 16 years at vaccination)","Meta-analysis","Pooled",1,0,"Observational","Cohort",,"HPV vaccine vs. control","CIN3+","CIN3+","≤ 16 years","Female",,"Long-term",4,0.27,0.18,0.42,"0.27 (0.18-0.42)","0.169",36.54,3,"< 0.001",91.79,,,,,,,1,1,1,11
"Efficacy","1.6,","1.6","CIN3 (cohort studies)","Falcaro 2021-GBR","Falcaro 2021 (12-13 y)",0,0,"Observational","Cohort","12-13 years at vaccination","HPV vaccine vs. control","CIN3","CIN3","Any","Female",,"Overall",,0.03,0.02,0.04,"0.03 (0.02-0.04)",,,,,,,,,,,,1,1,0,12
"Efficacy","1.6,","1.6","CIN3 (cohort studies)","Falcaro 2021-GBR","Falcaro 2021 (14-16 y)",0,0,"Observational","Cohort","14-16 years at vaccination","HPV vaccine vs. control","CIN3","CIN3","Any","Female",,"Overall",,0.25,0.23,0.28,"0.25 (0.23-0.28)",,,,,,,,,,,,2,2,2,12
"Efficacy","1.6,","1.6","CIN3 (cohort studies)","Falcaro 2021-GBR","Falcaro 2021 (16-18 y)",0,0,"Observational","Cohort","16-18 years at vaccination","HPV vaccine vs. control","CIN3","CIN3","Any","Female",,"Overall",,0.61,0.59,0.64,"0.61 (0.59-0.64)",,,,,,,,,,,,3,3,3,12
"Efficacy","1.6,","1.6","CIN3 (cohort studies)","Meta-analysis","Pooled",1,0,"Observational","Cohort",,"HPV vaccine vs. control","CIN3","CIN3","Any","Female",,"Overall",3,0.17,0.06,0.45,"0.17 (0.06-0.45)","0.723",532.37,2,"< 0.001",99.62,,,,,,,1,1,1,12
"Efficacy","1.8, Long-term","1.8.2","CIN2+ (cohort studies; long-term)","Dehlendorff 2018-DNK/SWE","Dehlendorff 2018 (< 16 y)",0,0,"Observational","Cohort","< 16 years at vaccination","HPV vaccine vs. control","CIN2+","CIN2+","Any","Female",,"Long-term",,0.23,0.11,0.49,"0.23 (0.11-0.49)",,,,,,,,,,,,1,1,2,13
"Efficacy","1.8, Long-term","1.8.2","CIN2+ (cohort studies; long-term)","Dehlendorff 2018-DNK/SWE","Dehlendorff 2018 (17-19 y)",0,0,"Observational","Cohort","17-19 years at vaccination","HPV vaccine vs. control","CIN2+","CIN2+","Any","Female",,"Long-term",,0.65,0.41,1.03,"0.65 (0.41-1.03)",,,,,,,,,,,,9,7,11,13
"Efficacy","1.8, Long-term","1.8.2","CIN2+ (cohort studies; long-term)","Dehlendorff 2018-DNK/SWE","Dehlendorff 2018 (20-29 y)",0,0,"Observational","Cohort","20-29 years at vaccination","HPV vaccine vs. control","CIN2+","CIN2+","Any","Female",,"Long-term",,1.31,0.97,1.76,"1.31 (0.97-1.76)",,,,,,,,,,,,12,12,12,13
"Efficacy","1.8, Long-term","1.8.2","CIN2+ (cohort studies; long-term)","Donken 2021-CAN","Donken 2021",0,0,"Observational","Cohort","9-14 years at vaccination","HPV vaccine vs. control","CIN2+","CIN2+","Any","Female",,"Long-term",,0.42,0.31,0.57,"0.42 (0.31-0.57)",,,,,,,,,,,,4,4,6,13
"Efficacy","1.8, Long-term","1.8.2","CIN2+ (cohort studies; long-term)","Martellucci 2022-ITA","Martellucci 2022",0,0,"Observational","Cohort","25-30 years","HPV vaccine vs. control","CIN2+","CIN2+","Any","Female",,"Long-term",,0.33,0.11,0.97,"0.33 (0.11-0.97)",,,,,,,,,,,,3,2,10,13
"Efficacy","1.8, Long-term","1.8.2","CIN2+ (cohort studies; long-term)","Nonboe 2026","Nonboe 2026",0,0,"Observational","Cohort","≥ 14 years at vaccination; HR; standardized HR CI recalculated","HPV vaccine vs. control","CIN2+","CIN2+","Any","Female",,"Long-term",,0.44,0.37,0.57,"0.44 (0.37-0.57)",,,,,,,,,,,,6,6,7,13
"Efficacy","1.8, Long-term","1.8.2","CIN2+ (cohort studies; long-term)","Verdoodt 2020-DNK","Verdoodt 2020",0,0,"Observational","Cohort","< 16 years at vaccination","HPV vaccine vs. control","CIN2+","CIN2+","Any","Female",,"Long-term",,0.43,0.36,0.51,"0.43 (0.36-0.51)",,,,,,,,,,,,5,5,3,13
"Efficacy","1.8, Long-term","1.8.2","CIN2+ (cohort studies; long-term)","Wu 2025","Wu 2025 (10-14 y)",0,0,"Observational","Cohort","10-14 years at vaccination; Gardasil","HPV vaccine vs. control","CIN2+","CIN2+","Any","Female",,"Long-term",,0.5,0.47,0.52,"0.50 (0.47-0.52)",,,,,,,,,,,,7,8,4,13
"Efficacy","1.8, Long-term","1.8.2","CIN2+ (cohort studies; long-term)","Wu 2025","Wu 2025 (15-16 y)",0,0,"Observational","Cohort","15-16 years at vaccination; Gardasil","HPV vaccine vs. control","CIN2+","CIN2+","Any","Female",,"Long-term",,0.54,0.52,0.56,"0.54 (0.52-0.56)",,,,,,,,,,,,8,9,5,13
"Efficacy","1.8, Long-term","1.8.2","CIN2+ (cohort studies; long-term)","Wu 2025","Wu 2025 (17-20 y)",0,0,"Observational","Cohort","17-20 years at vaccination; Gardasil","HPV vaccine vs. control","CIN2+","CIN2+","Any","Female",,"Long-term",,0.66,0.64,0.68,"0.66 (0.64-0.68)",,,,,,,,,,,,10,10,8,13
"Efficacy","1.8, Long-term","1.8.2","CIN2+ (cohort studies; long-term)","Wu 2025","Wu 2025 (21-35 y)",0,0,"Observational","Cohort","21-35 years at vaccination; Gardasil","HPV vaccine vs. control","CIN2+","CIN2+","Any","Female",,"Long-term",,0.89,0.85,0.94,"0.89 (0.85-0.94)",,,,,,,,,,,,11,11,9,13
"Efficacy","1.8, Long-term","1.8.2","CIN2+ (cohort studies; long-term)","Xu 2025","Xu 2025",0,0,"Observational","Cohort","12-18 years at vaccination","HPV vaccine vs. control","CIN2+","CIN2+","Any","Female",,"Long-term",,0.29,0.22,0.38,"0.29 (0.22-0.38)",,,,,,,,,,,,2,3,1,13
"Efficacy","1.8, Long-term","1.8.2","CIN2+ (cohort studies; long-term)","Meta-analysis","Pooled",1,0,"Observational","Cohort",,"HPV vaccine vs. control","CIN2+","CIN2+","Any","Female",,"Long-term",12,0.54,0.46,0.63,"0.54 (0.46-0.63)","0.056",432.51,11,"< 0.001",97.46,,,,,,,1,1,1,13
"Efficacy","1.8, Medium-term","1.8.1","CIN2+ (cohort studies; medium-term)","Adcock 2025","Adcock 2025 (9-12 y)",0,0,"Observational","Cohort","9-12 years at vaccination","HPV vaccine vs. control","CIN2+","CIN2+","Any","Female",,"Medium-term",,0.37,0.28,0.48,"0.37 (0.28-0.48)",,,,,,,,,,,,1,1,3,14
"Efficacy","1.8, Medium-term","1.8.1","CIN2+ (cohort studies; medium-term)","Adcock 2025","Adcock 2025 (13-14 y)",0,0,"Observational","Cohort","13-14 years at vaccination","HPV vaccine vs. control","CIN2+","CIN2+","Any","Female",,"Medium-term",,0.38,0.31,0.47,"0.38 (0.31-0.47)",,,,,,,,,,,,2,2,2,14
"Efficacy","1.8, Medium-term","1.8.1","CIN2+ (cohort studies; medium-term)","Adcock 2025","Adcock 2025 (15-16 y)",0,0,"Observational","Cohort","15-16 years at vaccination","HPV vaccine vs. control","CIN2+","CIN2+","Any","Female",,"Medium-term",,0.55,0.46,0.65,"0.55 (0.46-0.65)",,,,,,,,,,,,4,5,4,14
"Efficacy","1.8, Medium-term","1.8.1","CIN2+ (cohort studies; medium-term)","Adcock 2025","Adcock 2025 (17-18 y)",0,0,"Observational","Cohort","17-18 years at vaccination","HPV vaccine vs. control","CIN2+","CIN2+","Any","Female",,"Medium-term",,1.06,0.91,1.24,"1.06 (0.91-1.24)",,,,,,,,,,,,9,9,8,14
"Efficacy","1.8, Medium-term","1.8.1","CIN2+ (cohort studies; medium-term)","Adcock 2025","Adcock 2025 (≥ 19 y)",0,0,"Observational","Cohort","≥ 19 years at vaccination","HPV vaccine vs. control","CIN2+","CIN2+","Any","Female",,"Medium-term",,1.84,1.45,2.35,"1.84 (1.45-2.35)",,,,,,,,,,,,10,10,10,14
"Efficacy","1.8, Medium-term","1.8.1","CIN2+ (cohort studies; medium-term)","Brotherton 2019-AUS","Brotherton 2019",0,0,"Observational","Cohort","12-15 years at vaccination","HPV vaccine vs. control","CIN2+","CIN2+","Any","Female",,"Medium-term",,0.59,0.54,0.65,"0.59 (0.54-0.65)",,,,,,,,,,,,5,6,5,14
"Efficacy","1.8, Medium-term","1.8.1","CIN2+ (cohort studies; medium-term)","Orumaa 2024-NOR","Orumaa 2024",0,0,"Observational","Cohort","16-30 years","HPV vaccine vs. control","CIN2+","CIN2+","Any","Female",,"Medium-term",,0.39,0.36,0.43,"0.39 (0.36-0.43)",,,,,,,,,,,,3,3,1,14
"Efficacy","1.8, Medium-term","1.8.1","CIN2+ (cohort studies; medium-term)","Rodriguez 2020-USA","Rodriguez 2020 (15-19 y)",0,0,"Observational","Cohort","15-19 years at vaccination; HR","HPV vaccine vs. control","CIN2+","CIN2+","Any","Female",,"Medium-term",,0.66,0.55,0.8,"0.66 (0.55-0.80)",,,,,,,,,,,,6,7,6,14
"Efficacy","1.8, Medium-term","1.8.1","CIN2+ (cohort studies; medium-term)","Rodriguez 2020-USA","Rodriguez 2020 (9-14 y)",0,0,"Observational","Cohort","9-14 years at vaccination; HR","HPV vaccine vs. control","CIN2+","CIN2+","Any","Female",,"Medium-term",,0.71,0.37,1.37,"0.71 (0.37-1.37)",,,,,,,,,,,,7,4,9,14
"Efficacy","1.8, Medium-term","1.8.1","CIN2+ (cohort studies; medium-term)","Rodriguez 2020-USA","Rodriguez 2020 (> 20 y)",0,0,"Observational","Cohort","> 20 years at vaccination; HR","HPV vaccine vs. control","CIN2+","CIN2+","Any","Female",,"Medium-term",,0.96,0.77,1.2,"0.96 (0.77-1.20)",,,,,,,,,,,,8,8,7,14
"Efficacy","1.8, Medium-term","1.8.1","CIN2+ (cohort studies; medium-term)","Meta-analysis","Pooled",1,0,"Observational","Cohort",,"HPV vaccine vs. control","CIN2+","CIN2+","Any","Female",,"Medium-term",10,0.66,0.49,0.88,"0.66 (0.49-0.88)","0.200",271.52,9,"< 0.001",96.69,,,,,,,1,1,1,14
"Efficacy","1.9, Long-term","1.9.2","CIN2+ (cohort studies; long-term; ≤ 16 years at vaccination)","Dehlendorff 2018-DNK/SWE","Dehlendorff 2018",0,0,"Observational","Cohort","< 16 years at vaccination","HPV vaccine vs. control","CIN2+","CIN2+","≤ 16 years","Female",,"Long-term",,0.23,0.11,0.49,"0.23 (0.11-0.49)",,,,,,,,,,,,1,1,1,15
"Efficacy","1.9, Long-term","1.9.2","CIN2+ (cohort studies; long-term; ≤ 16 years at vaccination)","Donken 2021-CAN","Donken 2021",0,0,"Observational","Cohort","9-14 years at vaccination","HPV vaccine vs. control","CIN2+","CIN2+","≤ 16 years","Female",,"Long-term",,0.42,0.31,0.57,"0.42 (0.31-0.57)",,,,,,,,,,,,2,2,5,15
"Efficacy","1.9, Long-term","1.9.2","CIN2+ (cohort studies; long-term; ≤ 16 years at vaccination)","Verdoodt 2020-DNK","Verdoodt 2020",0,0,"Observational","Cohort","< 16 years at vaccination","HPV vaccine vs. control","CIN2+","CIN2+","≤ 16 years","Female",,"Long-term",,0.43,0.36,0.51,"0.43 (0.36-0.51)",,,,,,,,,,,,3,3,2,15
"Efficacy","1.9, Long-term","1.9.2","CIN2+ (cohort studies; long-term; ≤ 16 years at vaccination)","Wu 2025","Wu 2025 (10-14 y)",0,0,"Observational","Cohort","10-14 years at vaccination; Gardasil","HPV vaccine vs. control","CIN2+","CIN2+","≤ 16 years","Female",,"Long-term",,0.5,0.47,0.52,"0.50 (0.47-0.52)",,,,,,,,,,,,4,4,3,15
"Efficacy","1.9, Long-term","1.9.2","CIN2+ (cohort studies; long-term; ≤ 16 years at vaccination)","Wu 2025","Wu 2025 (15-16 y)",0,0,"Observational","Cohort","15-16 years at vaccination; Gardasil","HPV vaccine vs. control","CIN2+","CIN2+","≤ 16 years","Female",,"Long-term",,0.54,0.52,0.56,"0.54 (0.52-0.56)",,,,,,,,,,,,5,5,4,15
"Efficacy","1.9, Long-term","1.9.2","CIN2+ (cohort studies; long-term; ≤ 16 years at vaccination)","Meta-analysis","Pooled",1,0,"Observational","Cohort",,"HPV vaccine vs. control","CIN2+","CIN2+","≤ 16 years","Female",,"Long-term",5,0.49,0.44,0.54,"0.49 (0.44-0.54)","0.006",17.33,4,"0.002",76.92,,,,,,,1,1,1,15
"Efficacy","1.9, Medium-term","1.9.1","CIN2+ (cohort studies; medium-term; ≤ 16 years at vaccination)","Adcock 2025","Adcock 2025 (9-12 y)",0,0,"Observational","Cohort","9-12 years at vaccination","HPV vaccine vs. control","CIN2+","CIN2+","≤ 16 years","Female",,"Medium-term",,0.37,0.28,0.48,"0.37 (0.28-0.48)",,,,,,,,,,,,1,1,2,16
"Efficacy","1.9, Medium-term","1.9.1","CIN2+ (cohort studies; medium-term; ≤ 16 years at vaccination)","Adcock 2025","Adcock 2025 (13-14 y)",0,0,"Observational","Cohort","13-14 years at vaccination","HPV vaccine vs. control","CIN2+","CIN2+","≤ 16 years","Female",,"Medium-term",,0.38,0.31,0.47,"0.38 (0.31-0.47)",,,,,,,,,,,,2,2,1,16
"Efficacy","1.9, Medium-term","1.9.1","CIN2+ (cohort studies; medium-term; ≤ 16 years at vaccination)","Adcock 2025","Adcock 2025 (15-16 y)",0,0,"Observational","Cohort","15-16 years at vaccination","HPV vaccine vs. control","CIN2+","CIN2+","≤ 16 years","Female",,"Medium-term",,0.55,0.46,0.65,"0.55 (0.46-0.65)",,,,,,,,,,,,3,4,3,16
"Efficacy","1.9, Medium-term","1.9.1","CIN2+ (cohort studies; medium-term; ≤ 16 years at vaccination)","Brotherton 2019-AUS","Brotherton 2019",0,0,"Observational","Cohort","12-15 years at vaccination","HPV vaccine vs. control","CIN2+","CIN2+","≤ 16 years","Female",,"Medium-term",,0.59,0.54,0.65,"0.59 (0.54-0.65)",,,,,,,,,,,,4,5,4,16
"Efficacy","1.9, Medium-term","1.9.1","CIN2+ (cohort studies; medium-term; ≤ 16 years at vaccination)","Rodriguez 2020-USA","Rodriguez 2020",0,0,"Observational","Cohort","9-14 years at vaccination; HR","HPV vaccine vs. control","CIN2+","CIN2+","≤ 16 years","Female",,"Medium-term",,0.71,0.37,1.37,"0.71 (0.37-1.37)",,,,,,,,,,,,5,3,5,16
"Efficacy","1.9, Medium-term","1.9.1","CIN2+ (cohort studies; medium-term; ≤ 16 years at vaccination)","Meta-analysis","Pooled",1,0,"Observational","Cohort",,"HPV vaccine vs. control","CIN2+","CIN2+","≤ 16 years","Female",,"Medium-term",5,0.49,0.39,0.61,"0.49 (0.39-0.61)","0.045",22.66,4,"< 0.001",82.35,,,,,,,1,1,1,16
"Safety","2.2, Medium-term","2.2.2","Chronic fatigue syndrome/myalgic encephalomyelitis (cohort studies; medium-term)","Feiring 2017-NOR","Feiring 2017",0,0,"Observational","Cohort","11-17 years","HPV vaccine vs. control","CFS/ME","Chronic fatigue syndrome/myalgic encephalomyelitis","Any",,,"Medium-term",,0.86,0.69,1.08,"0.86 (0.69-1.08)",,,,,,,,,,,,2,2,2,17
"Safety","2.2, Medium-term","2.2.2","Chronic fatigue syndrome/myalgic encephalomyelitis (cohort studies; medium-term)","Skufca 2018-FIN","Skufca 2018",0,0,"Observational","Cohort","11-15 years","HPV vaccine vs. control","CFS/ME","Chronic fatigue syndrome/myalgic encephalomyelitis","Any",,,"Medium-term",,0.75,0.59,0.95,"0.75 (0.59-0.95)",,,,,,,,,,,,1,1,1,17
"Safety","2.2, Medium-term","2.2.2","Chronic fatigue syndrome/myalgic encephalomyelitis (cohort studies; medium-term)","Tsai 2023-TWN","Tsai 2023",0,0,"Observational","Cohort","12-15 years; standardized incidence ratio","HPV vaccine vs. control","CFS/ME","Chronic fatigue syndrome/myalgic encephalomyelitis","Any",,,"Medium-term",,1.37,1.12,1.68,"1.37 (1.12-1.68)",,,,,,,,,,,,3,3,3,17
"Safety","2.2, Medium-term","2.2.2","Chronic fatigue syndrome/myalgic encephalomyelitis (cohort studies; medium-term)","Meta-analysis","Pooled",1,0,"Observational","Cohort",,"HPV vaccine vs. control","CFS/ME","Chronic fatigue syndrome/myalgic encephalomyelitis","Any",,,"Medium-term",3,0.96,0.67,1.39,"0.96 (0.67-1.39)","0.092",16.46,2,"< 0.001",87.55,,,,,,,1,1,1,17
"Safety","2.2, Short-term","2.2.1","Chronic fatigue syndrome/myalgic encephalomyelitis (cohort studies; short-term)","Skufca 2018-FIN","Skufca 2018",0,0,"Observational","Cohort","11-15 years","HPV vaccine vs. control","CFS/ME","Chronic fatigue syndrome/myalgic encephalomyelitis","Any",,,"Short-term",,0.61,0.41,0.9,"0.61 (0.41-0.90)",,,,,,,,,,,,3,3,3,18
"Safety","2.2, Short-term","2.2.1","Chronic fatigue syndrome/myalgic encephalomyelitis (cohort studies; short-term)","Thomsen 2020-DNK","Thomsen 2020",0,0,"Observational","Cohort","11-17 years","HPV vaccine vs. control","CFS/ME","Chronic fatigue syndrome/myalgic encephalomyelitis","Any",,,"Short-term",,0.12,0.02,0.84,"0.12 (0.02-0.84)",,,,,,,,,,,,1,1,2,18
"Safety","2.2, Short-term","2.2.1","Chronic fatigue syndrome/myalgic encephalomyelitis (cohort studies; short-term)","Tsai 2023-TWN","Tsai 2023",0,0,"Observational","Cohort","Standardized incidence ratio CI recalculated","HPV vaccine vs. control","CFS/ME","Chronic fatigue syndrome/myalgic encephalomyelitis","Any",,,"Short-term",,0.33,0.21,0.52,"0.33 (0.21-0.52)",,,,,,,,,,,,2,2,1,18
"Safety","2.2, Short-term","2.2.1","Chronic fatigue syndrome/myalgic encephalomyelitis (cohort studies; short-term)","Meta-analysis","Pooled",1,0,"Observational","Cohort",,"HPV vaccine vs. control","CFS/ME","Chronic fatigue syndrome/myalgic encephalomyelitis","Any",,,"Short-term",3,0.4,0.22,0.75,"0.40 (0.22-0.75)","0.170",5.98,2,"0.050",66.53,,,,,,,1,1,1,18
"Safety","2.3,","2.3","Chronic fatigue syndrome/myalgic encephalomyelitis (self-controlled case series)","Donegan 2013-GBR","Donegan 2013",0,0,"Observational","Self-controlled case series","12-18 years","HPV vaccine vs. control","CFS/ME","Chronic fatigue syndrome/myalgic encephalomyelitis","Any",,,"Overall",,1.03,0.51,2.08,"1.03 (0.51-2.08)",,,,,,,,,,,,3,3,2,19
"Safety","2.3,","2.3","Chronic fatigue syndrome/myalgic encephalomyelitis (self-controlled case series)","Hviid 2020-DNK","Hviid 2020",0,0,"Observational","Self-controlled case series","12-27 years","HPV vaccine vs. control","CFS/ME","Chronic fatigue syndrome/myalgic encephalomyelitis","Any",,,"Overall",,0.38,0.13,1.1,"0.38 (0.13-1.10)",,,,,,,,,,,,1,1,1,19
"Safety","2.3,","2.3","Chronic fatigue syndrome/myalgic encephalomyelitis (self-controlled case series)","Thomsen 2020-DNK","Thomsen 2020",0,0,"Observational","Self-controlled case series","11-17 years","HPV vaccine vs. control","CFS/ME","Chronic fatigue syndrome/myalgic encephalomyelitis","Any",,,"Overall",,0.82,0.16,4.18,"0.82 (0.16-4.18)",,,,,,,,,,,,2,2,3,19
"Safety","2.3,","2.3","Chronic fatigue syndrome/myalgic encephalomyelitis (self-controlled case series)","Meta-analysis","Pooled",1,0,"Observational","Self-controlled case series",,"HPV vaccine vs. control","CFS/ME","Chronic fatigue syndrome/myalgic encephalomyelitis","Any",,,"Overall",3,0.74,0.4,1.39,"0.74 (0.40-1.39)","0.054",2.36,2,"0.307",15.37,,,,,,,1,1,1,19
"Safety","2.4, Medium-term","2.4.2","Paralysis (cohort studies; medium-term)","Hviid 2017-DNK/SWE","Hviid 2017",0,0,"Observational","Cohort","18-44 years","HPV vaccine vs. control","Paralysis","Paralysis","Any",,,"Medium-term",,0.42,0.2,0.89,"0.42 (0.20-0.89)",,,,,,,,,,,,1,1,1,20
"Safety","2.4, Medium-term","2.4.2","Paralysis (cohort studies; medium-term)","Skufca 2018-FIN","Skufca 2018",0,0,"Observational","Cohort","11-15 years","HPV vaccine vs. control","Paralysis","Paralysis","Any",,,"Medium-term",,0.86,0.39,1.89,"0.86 (0.39-1.89)",,,,,,,,,,,,3,3,3,20
"Safety","2.4, Medium-term","2.4.2","Paralysis (cohort studies; medium-term)","Yoon 2021-KOR","Yoon 2021",0,0,"Observational","Cohort","11-14 years","HPV vaccine vs. control","Paralysis","Paralysis","Any",,,"Medium-term",,0.67,0.3,1.5,"0.67 (0.30-1.50)",,,,,,,,,,,,2,2,2,20
"Safety","2.4, Medium-term","2.4.2","Paralysis (cohort studies; medium-term)","Meta-analysis","Pooled",1,0,"Observational","Cohort",,"HPV vaccine vs. control","Paralysis","Paralysis","Any",,,"Medium-term",3,0.61,0.39,0.96,"0.61 (0.39-0.96)","< 0.001",1.74,2,"0.419",0,,,,,,,1,1,1,20
"Safety","2.4, Short-term","2.4.1","Paralysis (cohort studies; short-term)","Arnheim-Dahlström 2013-DNK/SWE","Arnheim-Dahlström 2013",0,0,"Observational","Cohort","12-17 years","HPV vaccine vs. control","Paralysis","Paralysis","Any",,,"Short-term",,0.56,0.35,0.89,"0.56 (0.35-0.89)",,,,,,,,,,,,3,4,2,21
"Safety","2.4, Short-term","2.4.1","Paralysis (cohort studies; short-term)","Hviid 2017-DNK/SWE","Hviid 2017",0,0,"Observational","Cohort","18-44 years","HPV vaccine vs. control","Paralysis","Paralysis","Any",,,"Short-term",,0.52,0.32,0.84,"0.52 (0.32-0.84)",,,,,,,,,,,,2,3,1,21
"Safety","2.4, Short-term","2.4.1","Paralysis (cohort studies; short-term)","Skufca 2018-FIN","Skufca 2018",0,0,"Observational","Cohort","11-15 years","HPV vaccine vs. control","Paralysis","Paralysis","Any",,,"Short-term",,0.23,0.03,1.79,"0.23 (0.03-1.79)",,,,,,,,,,,,1,1,3,21
"Safety","2.4, Short-term","2.4.1","Paralysis (cohort studies; short-term)","Yoon 2021-KOR","Yoon 2021",0,0,"Observational","Cohort","11-14 years","HPV vaccine vs. control","Paralysis","Paralysis","Any",,,"Short-term",,0.68,0.22,2.11,"0.68 (0.22-2.11)",,,,,,,,,,,,4,2,4,21
"Safety","2.4, Short-term","2.4.1","Paralysis (cohort studies; short-term)","Meta-analysis","Pooled",1,0,"Observational","Cohort",,"HPV vaccine vs. control","Paralysis","Paralysis","Any",,,"Short-term",4,0.54,0.39,0.74,"0.54 (0.39-0.74)","< 0.001",0.87,3,"0.832",0,,,,,,,1,1,1,21
"Safety","2.6, Medium-term","2.6.2","Guillain-Barré syndrome (cohort studies; medium-term)","Miranda 2017-FRA","Miranda 2017",0,0,"Observational","Cohort","13-16 years","HPV vaccine vs. control","GBS","Guillain-Barré syndrome","Any",,,"Medium-term",,3.78,1.79,7.98,"3.78 (1.79-7.98)",,,,,,,,,,,,3,4,3,22
"Safety","2.6, Medium-term","2.6.2","Guillain-Barré syndrome (cohort studies; medium-term)","Skufca 2018-FIN","Skufca 2018",0,0,"Observational","Cohort","11-15 years","HPV vaccine vs. control","GBS","Guillain-Barré syndrome","Any",,,"Medium-term",,5.31,0.62,45.43,"5.31 (0.62-45.43)",,,,,,,,,,,,4,2,4,22
"Safety","2.6, Medium-term","2.6.2","Guillain-Barré syndrome (cohort studies; medium-term)","Tsai 2023-TWN","Tsai 2023",0,0,"Observational","Cohort",,"HPV vaccine vs. control","GBS","Guillain-Barré syndrome","Any",,,"Medium-term",,2.11,1.08,4.12,"2.11 (1.08-4.12)",,,,,,,,,,,,2,3,2,22
"Safety","2.6, Medium-term","2.6.2","Guillain-Barré syndrome (cohort studies; medium-term)","Yoon 2021-KOR","Yoon 2021",0,0,"Observational","Cohort","11-14 years","HPV vaccine vs. control","GBS","Guillain-Barré syndrome","Any",,,"Medium-term",,0.19,0.07,0.53,"0.19 (0.07-0.53)",,,,,,,,,,,,1,1,1,22
"Safety","2.6, Medium-term","2.6.2","Guillain-Barré syndrome (cohort studies; medium-term)","Meta-analysis","Pooled",1,0,"Observational","Cohort",,"HPV vaccine vs. control","GBS","Guillain-Barré syndrome","Any",,,"Medium-term",4,1.56,0.4,5.99,"1.56 (0.40-5.99)","1.539",23.23,3,"< 0.001",87.09,,,,,,,1,1,1,22
"Safety","2.6, Short-term","2.6.1","Guillain-Barré syndrome (cohort studies; short-term)","Miranda 2017-FRA","Miranda 2017",0,0,"Observational","Cohort","13-16 years","HPV vaccine vs. control","GBS","Guillain-Barré syndrome","Any",,,"Short-term",,3.94,1.58,9.8,"3.94 (1.58-9.80)",,,,,,,,,,,,4,4,3,23
"Safety","2.6, Short-term","2.6.1","Guillain-Barré syndrome (cohort studies; short-term)","Skufca 2018-FIN","Skufca 2018",0,0,"Observational","Cohort","11-15 years","HPV vaccine vs. control","GBS","Guillain-Barré syndrome","Any",,,"Short-term",,2.76,0.24,31.89,"2.76 (0.24-31.89)",,,,,,,,,,,,3,3,4,23
"Safety","2.6, Short-term","2.6.1","Guillain-Barré syndrome (cohort studies; short-term)","Tsai 2023-TWN","Tsai 2023",0,0,"Observational","Cohort",,"HPV vaccine vs. control","GBS","Guillain-Barré syndrome","Any",,,"Short-term",,0.21,0.01,3.21,"0.21 (0.01-3.21)",,,,,,,,,,,,2,1,2,23
"Safety","2.6, Short-term","2.6.1","Guillain-Barré syndrome (cohort studies; short-term)","Yoon 2021-KOR","Yoon 2021",0,0,"Observational","Cohort","11-14 years","HPV vaccine vs. control","GBS","Guillain-Barré syndrome","Any",,,"Short-term",,0.13,0.03,0.55,"0.13 (0.03-0.55)",,,,,,,,,,,,1,2,1,23
"Safety","2.6, Short-term","2.6.1","Guillain-Barré syndrome (cohort studies; short-term)","Meta-analysis","Pooled",1,0,"Observational","Cohort",,"HPV vaccine vs. control","GBS","Guillain-Barré syndrome","Any",,,"Short-term",4,0.78,0.1,6.03,"0.78 (0.10-6.03)","3.397",17.62,3,"0.001",82.98,,,,,,,1,1,1,23
"Safety","2.7, Short-term","2.7.2","Guillain-Barré syndrome (self-controlled case series; short-term)","Andrews 2017-GBR","Andrews 2017",0,0,"Observational","Self-controlled case series","12-18 years","HPV vaccine vs. control","GBS","Guillain-Barré syndrome","Any",,,"Short-term",,1.1,0.57,2.13,"1.10 (0.57-2.13)",,,,,,,,,,,,2,2,1,24
"Safety","2.7, Short-term","2.7.2","Guillain-Barré syndrome (self-controlled case series; short-term)","Miranda 2017-FRA","Miranda 2017",0,0,"Observational","Self-controlled case series","13-16 years","HPV vaccine vs. control","GBS","Guillain-Barré syndrome","Any",,,"Short-term",,2.39,1.21,4.72,"2.39 (1.21-4.72)",,,,,,,,,,,,3,3,2,24
"Safety","2.7, Short-term","2.7.2","Guillain-Barré syndrome (self-controlled case series; short-term)","Yoon 2021-KOR","Yoon 2021",0,0,"Observational","Self-controlled case series","11-14 years","HPV vaccine vs. control","GBS","Guillain-Barré syndrome","Any",,,"Short-term",,0.47,0.02,10.17,"0.47 (0.02-10.17)",,,,,,,,,,,,1,1,3,24
"Safety","2.7, Short-term","2.7.2","Guillain-Barré syndrome (self-controlled case series; short-term)","Meta-analysis","Pooled",1,0,"Observational","Self-controlled case series",,"HPV vaccine vs. control","GBS","Guillain-Barré syndrome","Any",,,"Short-term",3,1.53,0.78,2.98,"1.53 (0.78-2.98)","0.128",3.17,2,"0.205",36.83,,,,,,,1,1,1,24
"Efficacy","3.1,","3.1","Cervical screening attendance (cohort studies)","Ba 2021-USA","Ba 2021",0,0,"Observational","Cohort","21–26 years at outcome","HPV vaccine vs. control","Cervical screening attendance","Cervical screening attendance","Any","Female",,"Overall",,1.6,1.58,1.63,"1.60 (1.58-1.63)",,,,,,,,,,,,3,3,1,25
"Efficacy","3.1,","3.1","Cervical screening attendance (cohort studies)","Boone 2016-USA","Boone 2016 (14-20 y)",0,0,"Observational","Cohort","14-20 years at vaccination; HR","HPV vaccine vs. control","Cervical screening attendance","Cervical screening attendance","Any","Female",,"Overall",,1.15,0.67,1.97,"1.15 (0.67-1.97)",,,,,,,,,,,,1,1,2,25
"Efficacy","3.1,","3.1","Cervical screening attendance (cohort studies)","Boone 2016-USA","Boone 2016 (21-26 y)",0,0,"Observational","Cohort","21-26 years at vaccination; HR","HPV vaccine vs. control","Cervical screening attendance","Cervical screening attendance","Any","Female",,"Overall",,1.48,1.09,2.01,"1.48 (1.09-2.01)",,,,,,,,,,,,2,2,3,25
"Efficacy","3.1,","3.1","Cervical screening attendance (cohort studies)","Meta-analysis","Pooled",1,0,"Observational","Cohort",,"HPV vaccine vs. control","Cervical screening attendance","Cervical screening attendance","Any","Female",,"Overall",3,1.6,1.57,1.62,"1.60 (1.57-1.62)","< 0.001",1.69,2,"0.430",0,,,,,,,1,1,1,25
"Efficacy","3.2, Long-term","3.2.2","Anogenital warts (cohort studies; long-term)","Baandrup 2021-DNK","Baandrup 2021 (12-14 y)",0,0,"Observational","Cohort","12-14 years at vaccination","HPV vaccine vs. control","Anogenital warts","Anogenital warts","Any",,,"Long-term",,0.16,0.15,0.18,"0.16 (0.15-0.18)",,,,,,,,,,,,2,2,1,26
"Efficacy","3.2, Long-term","3.2.2","Anogenital warts (cohort studies; long-term)","Baandrup 2021-DNK","Baandrup 2021 (15-16 y)",0,0,"Observational","Cohort","15-16 years at vaccination","HPV vaccine vs. control","Anogenital warts","Anogenital warts","Any",,,"Long-term",,0.2,0.18,0.22,"0.20 (0.18-0.22)",,,,,,,,,,,,5,6,2,26
"Efficacy","3.2, Long-term","3.2.2","Anogenital warts (cohort studies; long-term)","Baandrup 2021-DNK","Baandrup 2021 (17-18 y)",0,0,"Observational","Cohort","17-18 years at vaccination","HPV vaccine vs. control","Anogenital warts","Anogenital warts","Any",,,"Long-term",,0.29,0.25,0.33,"0.29 (0.25-0.33)",,,,,,,,,,,,8,9,8,26
"Efficacy","3.2, Long-term","3.2.2","Anogenital warts (cohort studies; long-term)","Baandrup 2021-DNK","Baandrup 2021 (> 19 y)",0,0,"Observational","Cohort","> 19 years at vaccination","HPV vaccine vs. control","Anogenital warts","Anogenital warts","Any",,,"Long-term",,0.76,0.71,0.81,"0.76 (0.71-0.81)",,,,,,,,,,,,17,19,16,26
"Efficacy","3.2, Long-term","3.2.2","Anogenital warts (cohort studies; long-term)","Cho 2024-KOR","Cho 2024",0,0,"Observational","Cohort","12-13 years at vaccination","HPV vaccine vs. control","Anogenital warts","Anogenital warts","Any",,,"Long-term",,0.39,0.29,0.53,"0.39 (0.29-0.53)",,,,,,,,,,,,11,11,11,26
"Efficacy","3.2, Long-term","3.2.2","Anogenital warts (cohort studies; long-term)","Dominiak-Felden 2015-BEL","Dominiak-Felden 2015",0,0,"Observational","Cohort","10-23 years at vaccination","HPV vaccine vs. control","Anogenital warts","Anogenital warts","Any",,,"Long-term",,0.12,0.06,0.23,"0.12 (0.06-0.23)",,,,,,,,,,,,1,1,3,26
"Efficacy","3.2, Long-term","3.2.2","Anogenital warts (cohort studies; long-term)","Hariri 2018-USA","Hariri 2018",0,0,"Observational","Cohort","11-22 years at vaccination; HR","HPV vaccine vs. control","Anogenital warts","Anogenital warts","Any",,,"Long-term",,0.23,0.17,0.31,"0.23 (0.17-0.31)",,,,,,,,,,,,6,5,6,26
"Efficacy","3.2, Long-term","3.2.2","Anogenital warts (cohort studies; long-term)","Howell-Jones 2013-GBR","Howell-Jones 2013 (20 y)",0,0,"Observational","Cohort","20 years at outcome","HPV vaccine vs. control","Anogenital warts","Anogenital warts","Any",,,"Long-term",,0.9,0.74,1.1,"0.90 (0.74-1.10)",,,,,,,,,,,,19,20,19,26
"Efficacy","3.2, Long-term","3.2.2","Anogenital warts (cohort studies; long-term)","Howell-Jones 2013-GBR","Howell-Jones 2013 (19 y)",0,0,"Observational","Cohort","19 years at outcome","HPV vaccine vs. control","Anogenital warts","Anogenital warts","Any",,,"Long-term",,0.97,0.86,1.09,"0.97 (0.86-1.09)",,,,,,,,,,,,20,23,18,26
"Efficacy","3.2, Long-term","3.2.2","Anogenital warts (cohort studies; long-term)","Munoz-Quiles 2021-ESP","Munoz-Quiles 2021",0,0,"Observational","Cohort","14 years at vaccination","HPV vaccine vs. control","Anogenital warts","Anogenital warts","Any",,,"Long-term",,0.26,0.21,0.32,"0.26 (0.21-0.32)",,,,,,,,,,,,7,7,7,26
"Efficacy","3.2, Long-term","3.2.2","Anogenital warts (cohort studies; long-term)","Nygard 2023-NOR","Nygard 2023 (14-15 y)",0,0,"Observational","Cohort","14-15 years at vaccination","HPV vaccine vs. control","Anogenital warts","Anogenital warts","Any",,,"Long-term",,0.2,0.16,0.24,"0.20 (0.16-0.24)",,,,,,,,,,,,3,3,4,26
"Efficacy","3.2, Long-term","3.2.2","Anogenital warts (cohort studies; long-term)","Nygard 2023-NOR","Nygard 2023 (≤ 13 y)",0,0,"Observational","Cohort","≤ 13 years at vaccination","HPV vaccine vs. control","Anogenital warts","Anogenital warts","Any",,,"Long-term",,0.2,0.16,0.24,"0.20 (0.16-0.24)",,,,,,,,,,,,4,4,5,26
"Efficacy","3.2, Long-term","3.2.2","Anogenital warts (cohort studies; long-term)","Nygard 2023-NOR","Nygard 2023 (16-17 y)",0,0,"Observational","Cohort","16-17 years at vaccination","HPV vaccine vs. control","Anogenital warts","Anogenital warts","Any",,,"Long-term",,0.3,0.24,0.37,"0.30 (0.24-0.37)",,,,,,,,,,,,9,8,9,26
"Efficacy","3.2, Long-term","3.2.2","Anogenital warts (cohort studies; long-term)","Nygard 2023-NOR","Nygard 2023 (18-19 y)",0,0,"Observational","Cohort","18-19 years at vaccination","HPV vaccine vs. control","Anogenital warts","Anogenital warts","Any",,,"Long-term",,0.5,0.38,0.66,"0.50 (0.38-0.66)",,,,,,,,,,,,13,14,14,26
"Efficacy","3.2, Long-term","3.2.2","Anogenital warts (cohort studies; long-term)","Nygard 2023-NOR","Nygard 2023 (20-24 y)",0,0,"Observational","Cohort","20-24 years at vaccination","HPV vaccine vs. control","Anogenital warts","Anogenital warts","Any",,,"Long-term",,1,0.76,1.32,"1.00 (0.76-1.32)",,,,,,,,,,,,21,21,20,26
"Efficacy","3.2, Long-term","3.2.2","Anogenital warts (cohort studies; long-term)","Nygard 2023-NOR","Nygard 2023 (25-29 y)",0,0,"Observational","Cohort","25-29 years at vaccination","HPV vaccine vs. control","Anogenital warts","Anogenital warts","Any",,,"Long-term",,1.3,0.78,2.16,"1.30 (0.78-2.16)",,,,,,,,,,,,24,22,23,26
"Efficacy","3.2, Long-term","3.2.2","Anogenital warts (cohort studies; long-term)","Nygard 2023-NOR","Nygard 2023 (≥ 30 y)",0,0,"Observational","Cohort","≥ 30 years at vaccination","HPV vaccine vs. control","Anogenital warts","Anogenital warts","Any",,,"Long-term",,2.7,1.1,6.61,"2.70 (1.10-6.61)",,,,,,,,,,,,25,25,25,26
"Efficacy","3.2, Long-term","3.2.2","Anogenital warts (cohort studies; long-term)","Osmani 2022-DEU","Osmani 2022",0,0,"Observational","Cohort","19-28 years at outcome","HPV vaccine vs. control","Anogenital warts","Anogenital warts","Any",,,"Long-term",,0.37,0.34,0.4,"0.37 (0.34-0.40)",,,,,,,,,,,,10,12,10,26
"Efficacy","3.2, Long-term","3.2.2","Anogenital warts (cohort studies; long-term)","Perkins 2017-USA","Perkins 2017",0,0,"Observational","Cohort","9-25 years at vaccination","HPV vaccine vs. control","Anogenital warts","Anogenital warts","Any",,,"Long-term",,0.52,0.46,0.59,"0.52 (0.46-0.59)",,,,,,,,,,,,14,15,12,26
"Efficacy","3.2, Long-term","3.2.2","Anogenital warts (cohort studies; long-term)","Reyburn 2023-FJI","Reyburn 2023",0,0,"Observational","Cohort","15-23 years at outcome","HPV vaccine vs. control","Anogenital warts","Anogenital warts","Any",,,"Long-term",,1.28,0.37,4.45,"1.28 (0.37-4.45)",,,,,,,,,,,,23,13,24,26
"Efficacy","3.2, Long-term","3.2.2","Anogenital warts (cohort studies; long-term)","Willows 2018-CAN","Willows 2018",0,0,"Observational","Cohort","9-18 years at vaccination","HPV vaccine vs. control","Anogenital warts","Anogenital warts","Any",,,"Long-term",,0.4,0.26,0.61,"0.40 (0.26-0.61)",,,,,,,,,,,,12,10,13,26
"Efficacy","3.2, Long-term","3.2.2","Anogenital warts (cohort studies; long-term)","Woestenberg 2020-NLD","Woestenberg 2020",0,0,"Observational","Cohort","12-16 years at vaccination","HPV vaccine vs. control","Anogenital warts","Anogenital warts","Any",,,"Long-term",,0.72,0.61,0.85,"0.72 (0.61-0.85)",,,,,,,,,,,,16,18,17,26
"Efficacy","3.2, Long-term","3.2.2","Anogenital warts (cohort studies; long-term)","Zeybek 2018-USA","Zeybek 2018 (15-19 y)",0,0,"Observational","Cohort","15-19 years at vaccination; females and males","HPV vaccine vs. control","Anogenital warts","Anogenital warts","Any","Female and male",,"Long-term",,0.58,0.49,0.69,"0.58 (0.49-0.69)",,,,,,,,,,,,15,17,15,26
"Efficacy","3.2, Long-term","3.2.2","Anogenital warts (cohort studies; long-term)","Zeybek 2018-USA","Zeybek 2018 (9-14 y)",0,0,"Observational","Cohort","9-14 years at vaccination; females and males","HPV vaccine vs. control","Anogenital warts","Anogenital warts","Any","Female and male",,"Long-term",,0.78,0.46,1.34,"0.78 (0.46-1.34)",,,,,,,,,,,,18,16,21,26
"Efficacy","3.2, Long-term","3.2.2","Anogenital warts (cohort studies; long-term)","Zeybek 2018-USA","Zeybek 2018 (20-26 y)",0,0,"Observational","Cohort","20-26 years at vaccination; females and males","HPV vaccine vs. control","Anogenital warts","Anogenital warts","Any","Female and male",,"Long-term",,1.11,0.91,1.35,"1.11 (0.91-1.35)",,,,,,,,,,,,22,24,22,26
"Efficacy","3.2, Long-term","3.2.2","Anogenital warts (cohort studies; long-term)","Meta-analysis","Pooled",1,0,"Observational","Cohort",,"HPV vaccine vs. control","Anogenital warts","Anogenital warts","Any",,,"Long-term",25,0.47,0.36,0.61,"0.47 (0.36-0.61)","0.443",1635.75,24,"< 0.001",98.53,,,,,,,1,1,1,26
"Efficacy","3.2, Medium-term","3.2.1","Anogenital warts (cohort studies; medium-term)","Cho 2024-KOR","Cho 2024",0,0,"Observational","Cohort","12-13 years at vaccination","HPV vaccine vs. control","Anogenital warts","Anogenital warts","Any",,,"Medium-term",,1.29,0.57,2.93,"1.29 (0.57-2.93)",,,,,,,,,,,,8,4,8,27
"Efficacy","3.2, Medium-term","3.2.1","Anogenital warts (cohort studies; medium-term)","Herweijer 2018-SWE","Herweijer 2018 (10-16 y)",0,0,"Observational","Cohort","10-16 years at vaccination","HPV vaccine vs. control","Anogenital warts","Anogenital warts","Any",,,"Medium-term",,0.18,0.15,0.22,"0.18 (0.15-0.22)",,,,,,,,,,,,1,1,1,27
"Efficacy","3.2, Medium-term","3.2.1","Anogenital warts (cohort studies; medium-term)","Herweijer 2018-SWE","Herweijer 2018 (17-19 y)",0,0,"Observational","Cohort","17-19 years at vaccination","HPV vaccine vs. control","Anogenital warts","Anogenital warts","Any",,,"Medium-term",,0.23,0.18,0.29,"0.23 (0.18-0.29)",,,,,,,,,,,,2,2,2,27
"Efficacy","3.2, Medium-term","3.2.1","Anogenital warts (cohort studies; medium-term)","Howell-Jones 2013-GBR","Howell-Jones 2013 (17 y)",0,0,"Observational","Cohort","17 years at outcome","HPV vaccine vs. control","Anogenital warts","Anogenital warts","Any",,,"Medium-term",,0.69,0.62,0.76,"0.69 (0.62-0.76)",,,,,,,,,,,,4,5,3,27
"Efficacy","3.2, Medium-term","3.2.1","Anogenital warts (cohort studies; medium-term)","Howell-Jones 2013-GBR","Howell-Jones 2013 (18 y)",0,0,"Observational","Cohort","18 years at outcome","HPV vaccine vs. control","Anogenital warts","Anogenital warts","Any",,,"Medium-term",,0.73,0.65,0.82,"0.73 (0.65-0.82)",,,,,,,,,,,,5,6,4,27
"Efficacy","3.2, Medium-term","3.2.1","Anogenital warts (cohort studies; medium-term)","Howell-Jones 2013-GBR","Howell-Jones 2013 (16 y)",0,0,"Observational","Cohort","16 years at outcome","HPV vaccine vs. control","Anogenital warts","Anogenital warts","Any",,,"Medium-term",,0.81,0.73,0.89,"0.81 (0.73-0.89)",,,,,,,,,,,,6,7,5,27
"Efficacy","3.2, Medium-term","3.2.1","Anogenital warts (cohort studies; medium-term)","Howell-Jones 2013-GBR","Howell-Jones 2013 (15 y)",0,0,"Observational","Cohort","15 years at outcome","HPV vaccine vs. control","Anogenital warts","Anogenital warts","Any",,,"Medium-term",,0.83,0.73,0.95,"0.83 (0.73-0.95)",,,,,,,,,,,,7,8,7,27
"Efficacy","3.2, Medium-term","3.2.1","Anogenital warts (cohort studies; medium-term)","Swedish 2013-USA","Swedish 2013",0,0,"Observational","Cohort","26-76 years at outcome; males","HPV vaccine vs. control","Anogenital warts","Anogenital warts","Any","male",,"Medium-term",,0.45,0.22,0.92,"0.45 (0.22-0.92)",,,,,,,,,,,,3,3,6,27
"Efficacy","3.2, Medium-term","3.2.1","Anogenital warts (cohort studies; medium-term)","Meta-analysis","Pooled",1,0,"Observational","Cohort",,"HPV vaccine vs. control","Anogenital warts","Anogenital warts","Any",,,"Medium-term",8,0.53,0.37,0.77,"0.53 (0.37-0.77)","0.247",286.17,7,"< 0.001",97.55,,,,,,,1,1,1,27
"Efficacy","3.3, Long-term","3.3.2","Anogenital warts (cohort studies; long-term; ≤ 16 years at vaccination)","Baandrup 2021-DNK","Baandrup 2021 (12-14 y)",0,0,"Observational","Cohort","12-14 years at vaccination","HPV vaccine vs. control","Anogenital warts","Anogenital warts","≤ 16 years",,,"Long-term",,0.16,0.15,0.18,"0.16 (0.15-0.18)",,,,,,,,,,,,1,1,1,28
"Efficacy","3.3, Long-term","3.3.2","Anogenital warts (cohort studies; long-term; ≤ 16 years at vaccination)","Baandrup 2021-DNK","Baandrup 2021 (15-16 y)",0,0,"Observational","Cohort","15-16 years at vaccination","HPV vaccine vs. control","Anogenital warts","Anogenital warts","≤ 16 years",,,"Long-term",,0.2,0.18,0.22,"0.20 (0.18-0.22)",,,,,,,,,,,,4,4,2,28
"Efficacy","3.3, Long-term","3.3.2","Anogenital warts (cohort studies; long-term; ≤ 16 years at vaccination)","Cho 2024-KOR","Cho 2024",0,0,"Observational","Cohort","12-13 years at vaccination","HPV vaccine vs. control","Anogenital warts","Anogenital warts","≤ 16 years",,,"Long-term",,0.39,0.29,0.53,"0.39 (0.29-0.53)",,,,,,,,,,,,6,6,6,28
"Efficacy","3.3, Long-term","3.3.2","Anogenital warts (cohort studies; long-term; ≤ 16 years at vaccination)","Munoz-Quiles 2021-ESP","Munoz-Quiles 2021",0,0,"Observational","Cohort","14 years at vaccination","HPV vaccine vs. control","Anogenital warts","Anogenital warts","≤ 16 years",,,"Long-term",,0.26,0.21,0.32,"0.26 (0.21-0.32)",,,,,,,,,,,,5,5,5,28
"Efficacy","3.3, Long-term","3.3.2","Anogenital warts (cohort studies; long-term; ≤ 16 years at vaccination)","Nygard 2023-NOR","Nygard 2023 (14-15 y)",0,0,"Observational","Cohort","14-15 years at vaccination","HPV vaccine vs. control","Anogenital warts","Anogenital warts","≤ 16 years",,,"Long-term",,0.2,0.16,0.24,"0.20 (0.16-0.24)",,,,,,,,,,,,2,2,3,28
"Efficacy","3.3, Long-term","3.3.2","Anogenital warts (cohort studies; long-term; ≤ 16 years at vaccination)","Nygard 2023-NOR","Nygard 2023 (≤ 13 y)",0,0,"Observational","Cohort","≤ 13 years at vaccination","HPV vaccine vs. control","Anogenital warts","Anogenital warts","≤ 16 years",,,"Long-term",,0.2,0.16,0.24,"0.20 (0.16-0.24)",,,,,,,,,,,,3,3,4,28
"Efficacy","3.3, Long-term","3.3.2","Anogenital warts (cohort studies; long-term; ≤ 16 years at vaccination)","Woestenberg 2020-NLD","Woestenberg 2020",0,0,"Observational","Cohort","12-16 years at vaccination","HPV vaccine vs. control","Anogenital warts","Anogenital warts","≤ 16 years",,,"Long-term",,0.72,0.61,0.85,"0.72 (0.61-0.85)",,,,,,,,,,,,7,8,7,28
"Efficacy","3.3, Long-term","3.3.2","Anogenital warts (cohort studies; long-term; ≤ 16 years at vaccination)","Zeybek 2018-USA","Zeybek 2018",0,0,"Observational","Cohort","9-14 years at vaccination; females and males","HPV vaccine vs. control","Anogenital warts","Anogenital warts","≤ 16 years","Female and male",,"Long-term",,0.78,0.46,1.34,"0.78 (0.46-1.34)",,,,,,,,,,,,8,7,8,28
"Efficacy","3.3, Long-term","3.3.2","Anogenital warts (cohort studies; long-term; ≤ 16 years at vaccination)","Meta-analysis","Pooled",1,0,"Observational","Cohort",,"HPV vaccine vs. control","Anogenital warts","Anogenital warts","≤ 16 years",,,"Long-term",8,0.3,0.2,0.43,"0.30 (0.20-0.43)","0.267",271.89,7,"< 0.001",97.43,,,,,,,1,1,1,28
"Efficacy","3.3, Medium-term","3.3.1","Anogenital warts (cohort studies; medium-term; ≤ 16 years at vaccination)","Cho 2024-KOR","Cho 2024",0,0,"Observational","Cohort","12-13 years at vaccination","HPV vaccine vs. control","Anogenital warts","Anogenital warts","≤ 16 years",,,"Medium-term",,1.29,0.57,2.93,"1.29 (0.57-2.93)",,,,,,,,,,,,4,2,4,29
"Efficacy","3.3, Medium-term","3.3.1","Anogenital warts (cohort studies; medium-term; ≤ 16 years at vaccination)","Herweijer 2018-SWE","Herweijer 2018",0,0,"Observational","Cohort","10-16 years at vaccination","HPV vaccine vs. control","Anogenital warts","Anogenital warts","≤ 16 years",,,"Medium-term",,0.18,0.15,0.22,"0.18 (0.15-0.22)",,,,,,,,,,,,1,1,1,29
"Efficacy","3.3, Medium-term","3.3.1","Anogenital warts (cohort studies; medium-term; ≤ 16 years at vaccination)","Howell-Jones 2013-GBR","Howell-Jones 2013 (16 y)",0,0,"Observational","Cohort","16 years at outcome","HPV vaccine vs. control","Anogenital warts","Anogenital warts","≤ 16 years",,,"Medium-term",,0.81,0.73,0.89,"0.81 (0.73-0.89)",,,,,,,,,,,,2,3,2,29
"Efficacy","3.3, Medium-term","3.3.1","Anogenital warts (cohort studies; medium-term; ≤ 16 years at vaccination)","Howell-Jones 2013-GBR","Howell-Jones 2013 (≤ 16 y)",0,0,"Observational","Cohort","15 years at outcome","HPV vaccine vs. control","Anogenital warts","Anogenital warts","≤ 16 years",,,"Medium-term",,0.83,0.73,0.95,"0.83 (0.73-0.95)",,,,,,,,,,,,3,4,3,29
"Efficacy","3.3, Medium-term","3.3.1","Anogenital warts (cohort studies; medium-term; ≤ 16 years at vaccination)","Meta-analysis","Pooled",1,0,"Observational","Cohort",,"HPV vaccine vs. control","Anogenital warts","Anogenital warts","≤ 16 years",,,"Medium-term",4,0.6,0.3,1.21,"0.60 (0.30-1.21)","0.477",207.44,3,"< 0.001",98.55,,,,,,,1,1,1,29
